batch_size,epochs,frozen_layers,learning_rate,n_classes,regularization,train_accuracy,train_jaccard_macro,train_f1_macro,train_jaccard_samples,train_f1_micro,train_membership,val_accuracy,val_jaccard_macro,val_f1_macro,val_jaccard_samples,val_f1_micro,val_membership
16,6,9,5e-05,6,0,0.951625,0.8836912468883159,0.9367281453604992,0.95721875,0.9589878105230675,0.958875,0.903,0.8171845427353936,0.898156628807815,0.91375,0.9182083739045764,0.9145
32,6,9,5e-05,6,0,0.9324375,0.8515956662283498,0.917730370110973,0.94125,0.9445084904190684,0.944375,0.8955,0.797156011872139,0.8853980477952116,0.907,0.9122012578616352,0.9105
16,6,9,5e-05,6,1e-05,0.9321875,0.8482441887155151,0.9160400436521958,0.93828125,0.9415419373058458,0.94225,0.908,0.817514805477724,0.8982870320320332,0.91425,0.9188914314772438,0.915
32,6,9,5e-05,6,1e-05,0.93075,0.8480761263923311,0.9158633220092707,0.9371875,0.9419608087479361,0.94175,0.9025,0.8129428291565399,0.8953179261462719,0.915,0.91796875,0.9175
16,6,9,1e-05,6,0,0.9415,0.8747617103586721,0.931542379220364,0.95009375,0.9548547459996893,0.9558125,0.8915,0.7985054987473755,0.8864722159546218,0.90525,0.910167818361303,0.908
32,6,9,1e-05,6,0,0.939,0.870435144249401,0.9290354878223527,0.94925,0.9531117862624111,0.9553125,0.8855,0.7907912671161067,0.8809871924257804,0.89675,0.9067971163748713,0.9055
16,6,9,1e-05,6,1e-05,0.914625,0.8353201738526771,0.9083791085611006,0.92915625,0.9353450963277012,0.9359375,0.89,0.794331411685715,0.8833404093426741,0.90025,0.909317389138017,0.912
32,6,9,1e-05,6,1e-05,0.9384375,0.8711408190494113,0.9293535990677904,0.9492083333333333,0.95343167895987,0.95575,0.8885,0.7971314481485919,0.8850339319495975,0.90325,0.9118236472945892,0.9095
