batch_size,epochs,frozen_layers,learning_rate,n_classes,regularization,train_accuracy,train_f1_macro,train_f1_micro,val_accuracy,val_f1_macro,val_f1_micro
16,6,9,5e-05,6,0.0,0.941625,0.9129035428391976,0.941625,0.9135,0.8841030800153241,0.9135
32,6,9,5e-05,6,0.0,0.940625,0.9129809824719064,0.940625,0.9085,0.877299981894286,0.9085
16,6,9,5e-05,6,1e-05,0.9431875,0.916159461462994,0.9431875,0.9115,0.8847521550519625,0.9115
32,6,9,5e-05,6,1e-05,0.9590625,0.936812458035139,0.9590625,0.916,0.8890029835861673,0.916
16,6,9,1e-05,6,0.0,0.93875,0.910876316651561,0.93875,0.912,0.8809020435676747,0.912
32,6,9,1e-05,6,0.0,0.9536875,0.9272003962878376,0.9536875,0.9065,0.879640309262432,0.9065
16,6,9,1e-05,6,1e-05,0.9529375,0.9277726102020902,0.9529375,0.907,0.8762462957583005,0.907
32,6,9,1e-05,6,1e-05,0.942125,0.915094344480868,0.942125,0.911,0.8831649420957696,0.911
