batch_size,epochs,learning_rate,n_classes,regularization,tokenizer_max_len,train_accuracy,train_jaccard_macro,train_f1_macro,train_jaccard_samples,train_f1_micro,train_membership,val_accuracy,val_jaccard_macro,val_f1_macro,val_jaccard_samples,val_f1_micro,val_membership
16,6,5e-05,28,0.0,100,0.4264455194655609,0.223145421328795,0.3241710474784531,0.5086527681793751,0.5414560535229995,0.5761114950472241,0.4358643568005897,0.232549543985399,0.332507802465907,0.4994839660892001,0.5283520132835201,0.5602653888684114
16,6,5e-05,28,1e-05,100,0.42964754664823773,0.24682214110610506,0.3578266515987415,0.5137072871074253,0.548878372076872,0.5834369960838517,0.42185772207887945,0.24671936487145288,0.35570578723559915,0.509307040176926,0.5443077402273789,0.5790637670475488
16,6,2e-05,28,0.0,100,0.486109191430546,0.3162253642937581,0.4412284210744179,0.578043461567995,0.6155185720222429,0.6522229900944483,0.4316255068190195,0.2618922047384243,0.37708356166002677,0.5107353483228898,0.5429230646829502,0.570770364909694
16,6,2e-05,28,1e-05,100,0.47431467403824,0.33381545928912537,0.4712821434439542,0.5684058972586963,0.6086298258894777,0.6433771020502188,0.4452635458901585,0.3149663902032099,0.4485667492621875,0.5337541467010689,0.5683035031359951,0.5978621452266863
16,6,0.0001,28,0.0,100,0.2953927666436305,0.04204347253759831,0.07559332195057955,0.3112358903478461,0.3008898246802027,0.3275512554710896,0.2934021378547733,0.04199357590437575,0.07553862831150271,0.30919031822091164,0.29916991360325257,0.32546995945447843
16,6,0.0001,28,1e-05,100,0.2953927666436305,0.04204347253759831,0.07559332195057955,0.3112358903478461,0.3008898246802027,0.3275512554710896,0.2934021378547733,0.04199357590437575,0.07553862831150271,0.30919031822091164,0.29916991360325257,0.32546995945447843
